resortId,day,skierId,liftId,time
0,1,19566,16,356
0,1,19567,22,356
0,1,19579,7,356
0,1,19588,10,356
0,1,19603,6,356
0,1,19638,37,356
0,1,19640,15,356
0,1,19649,14,356
0,1,19651,26,356
0,1,19662,37,356
0,1,19689,40,356
0,1,19691,22,356
0,1,19703,33,356
0,1,19711,39,356
0,1,19728,1,356
0,1,19747,16,356
0,1,19759,9,356
0,1,19761,4,356
0,1,19774,34,356
0,1,19784,27,356
0,1,19809,25,356
0,1,19816,1,356
0,1,19834,30,356
0,1,19844,36,356
0,1,19867,36,356
0,1,19869,20,356
0,1,19908,13,356
0,1,19929,38,356
0,1,19958,14,356
0,1,19962,35,356
0,1,19972,30,356
0,1,19988,30,356
0,1,19994,9,356
0,1,19996,20,356
0,1,20045,25,356
0,1,20047,4,356
0,1,20055,23,356
0,1,20057,34,356
0,1,20064,5,356
0,1,20095,30,356
0,1,20113,35,356
0,1,20114,12,356
0,1,20119,40,356
0,1,20121,39,356
0,1,20128,20,356
0,1,20153,31,356
0,1,20158,22,356
0,1,20162,40,356
0,1,20167,1,356
0,1,20170,1,356
0,1,20176,32,356
0,1,20198,31,356
0,1,20200,39,356
0,1,20281,14,356
0,1,20292,34,356
0,1,20304,17,356
0,1,20322,37,356
0,1,20336,8,356
0,1,20373,4,356
0,1,20392,37,356
0,1,20393,39,356
0,1,20414,6,356
0,1,20420,5,356
0,1,20422,14,356
0,1,20425,14,356
0,1,20428,8,356
0,1,20432,27,356
0,1,20451,31,356
0,1,20487,15,356
0,1,20528,19,356
0,1,20547,31,356
0,1,20635,36,356
0,1,20654,21,356
0,1,20684,26,356
0,1,20685,36,356
0,1,20690,16,356
0,1,20694,26,356
0,1,20715,18,356
0,1,20731,10,356
0,1,20754,39,356
0,1,20757,39,356
0,1,20772,38,356
0,1,20791,29,356
0,1,20807,13,356
0,1,20815,31,356
0,1,20819,21,356
0,1,20821,4,356
0,1,20862,7,356
0,1,20869,29,356
0,1,20870,23,356
0,1,20875,13,356
0,1,20887,38,356
0,1,20903,13,356
0,1,20918,25,356
0,1,20930,25,356
0,1,20969,2,356
0,1,20995,26,356
0,1,21013,13,356
0,1,21014,19,356
0,1,21045,34,356
0,1,21104,33,356
0,1,21178,19,356
0,1,21179,34,356
0,1,21181,6,356
0,1,21206,8,356
0,1,21212,34,356
0,1,21237,33,356
0,1,21249,29,356
0,1,21256,23,356
0,1,21295,10,356
0,1,21311,38,356
0,1,21338,10,356
0,1,21383,18,356
0,1,21385,31,356
0,1,21396,15,356
0,1,21436,1,356
0,1,21497,13,356
0,1,21523,27,356
0,1,21526,25,356
0,1,21558,9,356
0,1,21561,24,356
0,1,21566,21,356
0,1,21580,22,356
0,1,21600,15,356
0,1,21609,26,356
0,1,21616,10,356
0,1,21620,13,356
0,1,21676,16,356
0,1,21681,16,356
0,1,21710,31,356
0,1,21720,39,356
0,1,21723,7,356
0,1,21726,3,356
0,1,21733,3,356
0,1,21761,21,356
0,1,21768,17,356
0,1,21770,33,356
0,1,21795,3,356
0,1,21796,21,356
0,1,21805,2,356
0,1,21812,2,356
0,1,21813,40,356
0,1,21830,17,356
0,1,21850,31,356
0,1,21876,40,356
0,1,21897,22,356
0,1,21900,13,356
0,1,21903,8,356
0,1,21936,28,356
0,1,21957,23,356
0,1,21959,23,356
0,1,21977,1,356
0,1,21986,9,356
0,1,21998,31,356
0,1,22058,12,356
0,1,22075,2,356
0,1,22085,3,356
0,1,22135,13,356
0,1,22142,23,356
0,1,22149,7,356
0,1,22220,31,356
0,1,22230,11,356
0,1,22247,6,356
0,1,22263,14,356
0,1,22271,13,356
0,1,22313,27,356
0,1,22323,35,356
0,1,22351,28,356
0,1,22379,38,356
0,1,22387,15,356
0,1,22404,2,356
0,1,22405,37,356
0,1,22439,26,356
0,1,22478,36,356
0,1,22532,1,356
0,1,22537,7,356
0,1,22544,39,356
0,1,22559,14,356
0,1,22562,17,356
0,1,22565,21,356
0,1,22568,37,356
0,1,22574,8,356
0,1,22579,2,356
0,1,22601,25,356
0,1,22608,13,356
0,1,22610,21,356
0,1,22628,19,356
0,1,22629,31,356
0,1,22638,13,356
0,1,22651,19,356
0,1,22658,19,356
0,1,22664,3,356
0,1,22681,8,356
0,1,22708,38,356
0,1,22709,31,356
0,1,22741,27,356
0,1,22763,32,356
0,1,22776,34,356
0,1,22790,36,356
0,1,22793,7,356
0,1,22823,24,356
0,1,22853,22,356
0,1,22860,21,356
0,1,22886,3,356
0,1,22892,1,356
0,1,22943,36,356
0,1,22977,15,356
0,1,23009,11,356
0,1,23014,13,356
0,1,23062,33,356
0,1,23089,25,356
0,1,23091,17,356
0,1,23136,30,356
0,1,23159,13,356
0,1,23175,7,356
0,1,23243,27,356
0,1,23273,17,356
0,1,23298,25,356
0,1,23299,11,356
0,1,23302,20,356
0,1,23306,28,356
0,1,23308,20,356
0,1,23312,35,356
0,1,23317,24,356
0,1,23327,15,356
0,1,23339,10,356
0,1,23357,31,356
0,1,23359,13,356
0,1,23365,17,356
0,1,23383,34,356
0,1,23393,19,356
0,1,23421,3,356
0,1,23442,31,356
0,1,23449,2,356
0,1,23484,22,356
0,1,23491,39,356
0,1,23494,38,356
0,1,23496,2,356
0,1,23508,28,356
0,1,23543,39,356
0,1,23591,35,356
0,1,23593,40,356
0,1,23625,28,356
0,1,23628,17,356
0,1,23638,28,356
0,1,23641,9,356
0,1,23652,10,356
0,1,23693,3,356
0,1,23696,7,356
0,1,23712,7,356
0,1,23732,38,356
0,1,23733,12,356
0,1,23738,25,356
0,1,23747,25,356
0,1,23763,9,356
0,1,23809,5,356
0,1,23810,31,356
0,1,23829,34,356
0,1,23837,34,356
0,1,23872,38,356
0,1,23900,40,356
0,1,23912,1,356
0,1,23928,22,356
0,1,23957,5,356
0,1,23959,31,356
0,1,23988,17,356
0,1,24005,37,356
0,1,24029,40,356
0,1,24031,12,356
0,1,24063,40,356
0,1,24064,40,356
0,1,24068,29,356
0,1,24082,5,356
0,1,24100,15,356
0,1,24109,10,356
0,1,24118,8,356
0,1,24165,36,356
0,1,24172,40,356
0,1,24180,5,356
0,1,24191,9,356
0,1,24195,11,356
0,1,24226,33,356
0,1,24236,38,356
0,1,24262,7,356
0,1,24266,40,356
0,1,24286,29,356
0,1,24302,10,356
0,1,24319,17,356
0,1,24347,4,356
0,1,24356,18,356
0,1,24366,19,356
0,1,24396,1,356
0,1,24398,29,356
0,1,24447,6,356
0,1,24460,29,356
0,1,24480,20,356
0,1,24487,39,356
0,1,24508,8,356
0,1,24538,28,356
0,1,24588,39,356
0,1,24607,32,356
0,1,24609,10,356
0,1,24644,37,356
0,1,24646,2,356
0,1,24654,12,356
0,1,24658,38,356
0,1,24685,18,356
0,1,24695,34,356
0,1,24722,15,356
0,1,24773,2,356
0,1,24779,2,356
0,1,24780,23,356
0,1,24807,38,356
0,1,24828,37,356
0,1,24857,15,356
0,1,24877,26,356
0,1,24882,40,356
0,1,24918,27,356
0,1,24933,22,356
0,1,24971,10,356
0,1,24983,13,356
0,1,24984,34,356
0,1,24986,16,356
0,1,24988,2,356
0,1,24996,21,356
0,1,24999,10,356
0,1,25003,38,356
0,1,25013,34,356
0,1,25023,14,356
0,1,25034,38,356
0,1,25123,40,356
0,1,25136,17,356
0,1,25196,26,356
0,1,25202,23,356
0,1,25215,3,356
0,1,25219,7,356
0,1,25228,27,356
0,1,25241,14,356
0,1,25294,11,356
0,1,25299,34,356
0,1,25306,11,356
0,1,25308,18,356
0,1,25367,4,356
0,1,25377,38,356
0,1,25395,11,356
0,1,25402,22,356
0,1,25409,17,356
0,1,25430,7,356
0,1,25441,12,356
0,1,25448,12,356
0,1,25494,36,356
0,1,25499,35,356
0,1,25504,4,356
0,1,25529,2,356
0,1,25530,1,356
0,1,25533,30,356
0,1,25540,3,356
0,1,25567,25,356
0,1,25599,29,356
0,1,25615,9,356
0,1,25617,14,356
0,1,25638,34,356
0,1,25639,7,356
0,1,25667,12,356
0,1,25681,30,356
0,1,25705,39,356
0,1,25711,28,356
0,1,25714,15,356
0,1,25725,18,356
0,1,25728,30,356
0,1,25740,26,356
0,1,25758,38,356
0,1,25799,17,356
0,1,25812,36,356
0,1,25820,25,356
0,1,25842,15,356
0,1,25849,14,356
0,1,25851,13,356
0,1,25858,18,356
0,1,25859,25,356
0,1,25883,6,356
0,1,25886,17,356
0,1,25894,27,356
0,1,25915,17,356
0,1,25917,7,356
0,1,25928,22,356
0,1,25967,17,356
0,1,25981,28,356
0,1,26028,13,356
0,1,26051,13,356
0,1,26067,30,356
0,1,26071,8,356
0,1,26072,22,356
0,1,26095,17,356
0,1,26100,6,356
0,1,26132,30,356
0,1,26180,27,356
0,1,26186,7,356
0,1,26195,34,356
0,1,26213,1,356
0,1,26232,6,356
0,1,26235,37,356
0,1,26238,18,356
0,1,26287,35,356
0,1,26325,19,356
0,1,26364,27,356
0,1,26370,12,356
0,1,26379,8,356
0,1,26380,26,356
0,1,26382,32,356
0,1,26396,31,356
0,1,26408,10,356
0,1,26514,16,356
0,1,26538,20,356
0,1,26541,34,356
0,1,26559,23,356
0,1,26563,22,356
0,1,26565,37,356
0,1,26599,32,356
0,1,26609,33,356
0,1,26615,32,356
0,1,26678,5,356
0,1,26684,29,356
0,1,26687,38,356
0,1,26699,34,356
0,1,26710,5,356
0,1,26716,17,356
0,1,26765,38,356
0,1,26816,15,356
0,1,26839,19,356
0,1,26841,16,356
0,1,26852,3,356
0,1,26887,22,356
0,1,26893,15,356
0,1,26902,24,356
0,1,26935,23,356
0,1,26963,31,356
0,1,26981,10,356
0,1,27016,4,356
0,1,27038,37,356
0,1,27093,20,356
0,1,27156,7,356
0,1,27158,25,356
0,1,27162,29,356
0,1,27164,21,356
0,1,27165,24,356
0,1,27172,22,356
0,1,27173,14,356
0,1,27176,30,356
0,1,27184,19,356
0,1,27211,4,356
0,1,27217,29,356
0,1,27219,21,356
0,1,27370,7,356
0,1,27371,36,356
0,1,27372,39,356
0,1,27379,38,356
0,1,27387,12,356
0,1,27394,31,356
0,1,27404,8,356
0,1,27415,17,356
0,1,27429,32,356
0,1,27468,37,356
0,1,27494,18,356
0,1,27512,12,356
0,1,27560,14,356
0,1,27582,31,356
0,1,27604,20,356
0,1,27614,31,356
0,1,27623,26,356
0,1,27625,25,356
0,1,27634,4,356
0,1,27646,34,356
0,1,27657,22,356
0,1,27671,30,356
0,1,27688,21,356
0,1,27698,17,356
0,1,27724,26,356
0,1,27767,4,356
0,1,27805,31,356
0,1,27837,23,356
0,1,27840,27,356
0,1,27845,40,356
0,1,27886,32,356
0,1,27888,35,356
0,1,27889,28,356
0,1,27909,17,356
0,1,27945,3,356
0,1,27947,24,356
0,1,27952,22,356
0,1,27983,38,356
0,1,27987,25,356
0,1,28006,36,356
0,1,28012,18,356
0,1,28017,39,356
0,1,28033,38,356
0,1,28034,27,356
0,1,28042,14,356
0,1,28095,22,356
0,1,28097,3,356
0,1,28119,37,356
0,1,28128,40,356
0,1,28137,19,356
0,1,28151,23,356
0,1,28178,25,356
0,1,28203,3,356
0,1,28232,16,356
0,1,28266,15,356
0,1,28289,31,356
0,1,28308,3,356
0,1,28343,33,356
0,1,28352,39,356
0,1,28370,36,356
0,1,28372,30,356
0,1,28394,32,356
0,1,28411,7,356
0,1,28424,1,356
0,1,28442,15,356
0,1,28455,21,356
0,1,28458,40,356
0,1,28486,20,356
0,1,28489,11,356
0,1,28503,20,356
0,1,28543,33,356
0,1,28575,21,356
0,1,28599,4,356
0,1,28633,35,356
0,1,28641,16,356
0,1,28650,27,356
0,1,28675,7,356
0,1,28770,17,356
0,1,28788,11,356
0,1,28802,18,356
0,1,28884,38,356
0,1,28899,12,356
0,1,28908,30,356
0,1,29011,27,356
0,1,29017,26,356
0,1,29072,12,356
0,1,29097,26,356
0,1,29115,13,356
0,1,29138,12,356
0,1,29151,4,356
0,1,29161,6,356
0,1,29169,6,356
0,1,29177,3,356
0,1,29190,38,356
0,1,29211,40,356
0,1,29212,21,356
0,1,29246,32,356
0,1,29247,39,356
0,1,29268,23,356
0,1,29279,27,356
0,1,29285,35,356
0,1,29335,1,356
0,1,29371,8,356
0,1,29373,20,356
0,1,29385,19,356
0,1,29411,35,356
0,1,29421,16,356
0,1,29453,31,356
0,1,29457,2,356
0,1,29485,13,356
0,1,29493,15,356
0,1,29514,39,356
0,1,29521,27,356
0,1,29544,38,356
0,1,29554,32,356
0,1,29601,24,356
0,1,29602,27,356
0,1,29638,11,356
0,1,29650,18,356
0,1,29661,24,356
0,1,29673,37,356
0,1,29684,39,356
0,1,29686,22,356
0,1,29687,7,356
0,1,29690,2,356
0,1,29692,8,356
0,1,29700,36,356
0,1,29709,4,356
0,1,29730,17,356
0,1,29757,28,356
0,1,29804,36,356
0,1,29839,24,356
0,1,29841,17,356
0,1,29843,38,356
0,1,29876,20,356
0,1,29877,12,356
0,1,29894,27,356
0,1,29898,38,356
0,1,29900,39,356
0,1,29906,38,356
0,1,29917,23,356
0,1,29936,8,356
0,1,29946,31,356
0,1,29948,21,356
0,1,29966,32,356
0,1,29968,37,356
0,1,29969,4,356
0,1,29987,15,356
0,1,30054,20,356
0,1,30059,30,356
0,1,30073,35,356
0,1,30100,28,356
0,1,30116,7,356
0,1,30133,2,356
0,1,30137,22,356
0,1,30147,29,356
0,1,30157,24,356
0,1,30163,26,356
0,1,30165,5,356
0,1,30176,21,356
0,1,30177,24,356
0,1,30220,5,356
0,1,30222,31,356
0,1,30230,34,356
0,1,30261,8,356
0,1,30307,29,356
0,1,30325,34,356
0,1,30335,36,356
0,1,30341,15,356
0,1,30386,32,356
0,1,30395,26,356
0,1,30398,36,356
0,1,30436,26,356
0,1,30443,32,356
0,1,30458,17,356
0,1,30482,39,356
0,1,30483,1,356
0,1,30492,10,356
0,1,30496,3,356
0,1,30515,24,356
0,1,30527,25,356
0,1,30530,38,356
0,1,30574,8,356
0,1,30576,34,356
0,1,30599,29,356
0,1,30627,12,356
0,1,30638,17,356
0,1,30678,22,356
0,1,30726,18,356
0,1,30753,7,356
0,1,30803,31,356
0,1,30807,26,356
0,1,30812,28,356
0,1,30829,16,356
0,1,30834,18,356
0,1,30835,35,356
0,1,30866,18,356
0,1,30881,38,356
0,1,30895,22,356
0,1,30936,22,356
0,1,30945,23,356
0,1,30946,18,356
0,1,30950,26,356
0,1,30963,37,356
0,1,30964,3,356
0,1,30969,28,356
0,1,30987,29,356
0,1,31015,9,356
0,1,31038,5,356
0,1,31044,7,356
0,1,31054,28,356
0,1,31073,33,356
0,1,31079,14,356
0,1,31107,32,356
0,1,31108,40,356
0,1,31123,7,356
0,1,31130,22,356
0,1,31188,33,356
0,1,31214,39,356
0,1,31220,19,356
0,1,31235,36,356
0,1,31255,32,356
0,1,31267,6,356
0,1,31268,9,356
0,1,31274,20,356
0,1,31302,9,356
0,1,31373,26,356
0,1,31378,36,356
0,1,31379,6,356
0,1,31422,12,356
0,1,31451,7,356
0,1,31464,13,356
0,1,31475,7,356
0,1,31476,28,356
0,1,31482,24,356
0,1,31496,1,356
0,1,31503,25,356
0,1,31558,18,356
0,1,31566,40,356
0,1,31608,7,356
0,1,31624,7,356
0,1,31657,33,356
0,1,31675,37,356
0,1,31693,20,356
0,1,31696,10,356
0,1,31748,2,356
0,1,31754,3,356
0,1,31775,7,356
0,1,31789,29,356
0,1,31790,35,356
0,1,31805,31,356
0,1,31826,27,356
0,1,31840,34,356
0,1,31848,38,356
0,1,31879,8,356
0,1,31967,2,356
0,1,31980,5,356
0,1,31990,20,356
0,1,31992,28,356
0,1,31998,1,356
0,1,32003,22,356
0,1,32028,5,356
0,1,32051,7,356
0,1,32140,32,356
0,1,32196,31,356
0,1,32207,12,356
0,1,32212,3,356
0,1,32218,1,356
0,1,32271,26,356
0,1,32280,5,356
0,1,32346,16,356
0,1,32381,30,356
0,1,32401,19,356
0,1,32405,33,356
0,1,32410,12,356
0,1,32413,29,356
0,1,32415,35,356
0,1,32422,5,356
0,1,32427,8,356
0,1,32439,6,356
0,1,32465,21,356
0,1,32474,24,356
0,1,32505,6,356
0,1,32517,14,356
0,1,32524,5,356
0,1,32527,10,356
0,1,32573,25,356
0,1,32592,6,356
0,1,32603,15,356
0,1,32645,1,356
0,1,32676,10,356
0,1,32709,19,356
0,1,32745,8,356
0,1,32747,24,356
0,1,32837,9,356
0,1,32860,30,356
0,1,32865,21,356
0,1,32898,17,356
0,1,32906,13,356
0,1,32974,1,356
0,1,32998,6,356
0,1,33022,19,356
0,1,33026,11,356
0,1,33027,40,356
0,1,33032,20,356
0,1,33090,27,356
0,1,33093,40,356
0,1,33107,21,356
0,1,33120,29,356
0,1,33123,26,356
0,1,33142,1,356
0,1,33144,14,356
0,1,33163,2,356
0,1,33165,15,356
0,1,33179,33,356
0,1,33193,7,356
0,1,33208,40,356
0,1,33214,25,356
0,1,33222,29,356
0,1,33232,25,356
0,1,33234,1,356
0,1,33270,15,356
0,1,33288,27,356
0,1,33297,38,356
0,1,33313,36,356
0,1,33316,11,356
0,1,33329,24,356
0,1,33335,33,356
0,1,33347,36,356
0,1,33361,31,356
0,1,33375,1,356
0,1,33378,9,356
0,1,33401,20,356
0,1,33422,6,356
0,1,33425,1,356
0,1,33432,37,356
0,1,33438,28,356
0,1,33439,3,356
0,1,33442,3,356
0,1,33443,3,356
0,1,33448,10,356
0,1,33459,29,356
0,1,33475,12,356
0,1,33498,29,356
0,1,33505,28,356
0,1,33510,28,356
0,1,33517,40,356
0,1,33542,36,356
0,1,33566,1,356
0,1,33574,29,356
0,1,33592,37,356
0,1,33598,20,356
0,1,33618,36,356
0,1,33623,9,356
0,1,33635,35,356
0,1,33636,22,356
0,1,33678,11,356
0,1,33684,17,356
0,1,33710,12,356
0,1,33738,34,356
0,1,33761,17,356
0,1,33770,20,356
0,1,33793,5,356
0,1,33806,17,356
0,1,33819,9,356
0,1,33828,25,356
0,1,33832,33,356
0,1,33841,38,356
0,1,33880,17,356
0,1,33890,2,356
0,1,33906,25,356
0,1,33926,20,356
0,1,33942,12,356
0,1,33949,27,356
0,1,33950,24,356
0,1,33961,38,356
0,1,33975,25,356
0,1,33980,30,356
0,1,33994,7,356
0,1,34010,28,356
0,1,34022,23,356
0,1,34024,1,356
0,1,34059,17,356
0,1,34075,39,356
0,1,34107,2,356
0,1,34122,14,356
0,1,34156,15,356
0,1,34204,2,356
0,1,34226,18,356
0,1,34265,18,356
0,1,34275,8,356
0,1,34283,17,356
0,1,34308,29,356
0,1,34318,37,356
0,1,34320,5,356
0,1,34340,23,356
0,1,34343,30,356
0,1,34372,39,356
0,1,34391,15,356
0,1,34397,38,356
0,1,34433,10,356
0,1,34449,36,356
0,1,34450,33,356
0,1,34460,8,356
0,1,34465,35,356
0,1,34469,31,356
0,1,34482,15,356
0,1,34495,4,356
0,1,34501,11,356
0,1,34507,3,356
0,1,34512,9,356
0,1,34554,25,356
0,1,34568,9,356
0,1,34599,37,356
0,1,34623,6,356
0,1,34632,37,356
0,1,34661,28,356
0,1,34677,15,356
0,1,34697,2,356
0,1,34730,34,356
0,1,34773,18,356
0,1,34787,30,356
0,1,34801,38,356
0,1,34835,23,356
0,1,34865,9,356
0,1,34873,33,356
0,1,34876,30,356
0,1,34963,7,356
0,1,34965,20,356
0,1,34991,34,356
0,1,34995,19,356
0,1,35055,25,356
0,1,35074,34,356
0,1,35075,6,356
0,1,35086,12,356
0,1,35133,14,356
0,1,35160,2,356
0,1,35198,30,356
0,1,35209,40,356
0,1,35218,35,356
0,1,35225,16,356
0,1,35243,30,356
0,1,35247,10,356
0,1,35276,28,356
0,1,35281,28,356
0,1,35305,33,356
0,1,35307,19,356
0,1,35359,19,356
0,1,35418,21,356
0,1,35454,13,356
0,1,35463,22,356
0,1,35469,15,356
0,1,35491,22,356
0,1,35505,14,356
0,1,35535,26,356
0,1,35546,10,356
0,1,35555,2,356
0,1,35565,16,356
0,1,35583,22,356
0,1,35648,11,356
0,1,35659,14,356
0,1,35687,39,356
0,1,35708,31,356
0,1,35714,38,356
0,1,35722,38,356
0,1,35726,9,356
0,1,35728,6,356
0,1,35730,24,356
0,1,35744,17,356
0,1,35784,35,356
0,1,35826,28,356
0,1,35829,2,356
0,1,35831,23,356
0,1,35922,20,356
0,1,35972,34,356
0,1,35977,21,356
0,1,35985,5,356
0,1,36076,18,356
0,1,36131,6,356
0,1,36237,1,356
0,1,36248,20,356
0,1,36292,19,356
0,1,36331,18,356
0,1,36340,3,356
0,1,36363,35,356
0,1,36417,29,356
0,1,36428,20,356
0,1,36460,16,356
0,1,36488,9,356
0,1,36563,36,356
0,1,36565,1,356
0,1,36578,8,356
0,1,36626,35,356
0,1,36631,18,356
0,1,36646,17,356
0,1,36651,6,356
0,1,36670,25,356
0,1,36675,4,356
0,1,36677,39,356
0,1,36730,25,356
0,1,36741,23,356
0,1,36751,22,356
0,1,36763,1,356
0,1,36771,36,356
0,1,36777,20,356
0,1,36781,29,356
0,1,36787,9,356
0,1,36792,17,356
0,1,36796,26,356
0,1,36797,18,356
0,1,36811,11,356
0,1,36825,33,356
0,1,36829,19,356
0,1,36832,36,356
0,1,36848,16,356
0,1,36881,15,356
0,1,36882,14,356
0,1,36893,3,356
0,1,36930,1,356
0,1,36931,30,356
0,1,36949,38,356
0,1,36964,3,356
0,1,36969,27,356
0,1,36982,38,356
0,1,37014,24,356
0,1,37024,37,356
0,1,37027,40,356
0,1,37086,20,356
0,1,37127,23,356
0,1,37138,29,356
0,1,37162,8,356
0,1,37204,34,356
0,1,37216,9,356
0,1,37229,24,356
0,1,37294,32,356
0,1,37302,17,356
0,1,37313,17,356
0,1,37322,12,356
0,1,37378,33,356
0,1,37383,13,356
0,1,37395,4,356
0,1,37419,4,356
0,1,37429,26,356
0,1,37452,40,356
0,1,37459,23,356
0,1,37465,2,356
0,1,37510,18,356
0,1,37516,13,356
0,1,37547,37,356
0,1,37553,30,356
0,1,37576,40,356
0,1,37591,28,356
0,1,37592,9,356
0,1,37594,36,356
0,1,37623,23,356
0,1,37628,31,356
0,1,37647,37,356
0,1,37659,38,356
0,1,37693,13,356
0,1,37698,14,356
0,1,37725,14,356
0,1,37747,8,356
0,1,37761,16,356
0,1,37776,6,356
0,1,37779,17,356
0,1,37791,23,356
0,1,37792,2,356
0,1,37793,27,356
0,1,37794,8,356
0,1,37798,8,356
0,1,37829,2,356
0,1,37838,28,356
0,1,37881,31,356
0,1,37889,3,356
0,1,37905,30,356
0,1,37911,32,356
0,1,37916,24,356
0,1,37922,26,356
0,1,37926,14,356
0,1,37939,6,356
0,1,37960,17,356
0,1,37963,17,356
0,1,37966,33,356
0,1,37974,35,356
0,1,38003,34,356
0,1,38035,22,356
0,1,38038,15,356
0,1,38041,8,356
0,1,38127,2,356
0,1,38147,7,356
0,1,38171,25,356
0,1,38176,32,356
0,1,38180,40,356
0,1,38226,12,356
0,1,38227,13,356
0,1,38232,33,356
0,1,38254,12,356
0,1,38342,1,356
0,1,38363,28,356
0,1,38382,38,356
0,1,38386,25,356
0,1,38387,33,356
0,1,38399,6,356
0,1,38432,33,356
0,1,38474,7,356
0,1,38528,30,356
0,1,38531,19,356
0,1,38540,2,356
0,1,38560,30,356
0,1,38565,2,356
0,1,38571,6,356
0,1,38591,35,356
0,1,38632,22,356
0,1,38649,26,356
0,1,38668,11,356
0,1,38689,29,356
0,1,38700,12,356
0,1,38718,28,356
0,1,38765,20,356
0,1,38777,33,356
0,1,38784,18,356
0,1,38814,29,356
0,1,38920,24,356
0,1,38943,17,356
0,1,38958,10,356
0,1,38966,18,356
0,1,38981,3,356
0,1,38991,23,356
0,1,39012,35,356
0,1,39039,20,356
0,1,39044,34,356
0,1,39048,32,356
0,1,39061,26,356
0,1,39068,27,356
0,1,39081,27,356
0,1,39082,5,356
0,1,39087,17,356
0,1,39134,34,356
0,1,39210,31,356
0,1,39224,37,356
0,1,39287,26,356
0,1,39308,30,356
0,1,39325,28,356
0,1,39330,4,356
0,1,39372,9,356
0,1,39386,20,356
0,1,39394,18,356
0,1,39413,28,356
0,1,39433,21,356
0,1,39456,17,356
0,1,39472,20,356
0,1,39487,26,356
0,1,39492,32,356
0,1,39506,7,356
0,1,39509,7,356
0,1,39525,38,356
0,1,39563,1,356
0,1,39571,2,356
0,1,39573,16,356
0,1,39583,22,356
0,1,39589,37,356
0,1,39607,27,356
0,1,39614,21,356
0,1,39687,16,356
0,1,39700,5,356
0,1,39704,35,356
0,1,39733,27,356
0,1,39740,4,356
0,1,39744,34,356
0,1,39753,23,356
0,1,39764,3,356
0,1,39767,8,356
0,1,39793,32,356
0,1,39824,9,356
0,1,39832,2,356
0,1,39834,18,356
0,1,39848,29,356
0,1,39862,26,356
0,1,39877,37,356
0,1,39887,17,356
0,1,39918,6,356
0,1,39921,6,356
0,1,39928,24,356
0,1,39930,10,356
0,1,39972,35,356
0,1,40000,3,356
0,1,33,31,357
0,1,49,35,357
0,1,61,1,357
0,1,64,24,357
0,1,86,9,357
0,1,113,38,357
0,1,139,29,357
0,1,153,22,357
0,1,165,29,357
0,1,189,18,357
0,1,197,27,357
0,1,202,10,357
0,1,210,24,357
0,1,235,4,357
0,1,258,18,357
0,1,264,22,357
0,1,307,35,357
0,1,312,39,357
0,1,324,33,357
0,1,348,37,357
0,1,362,28,357
0,1,376,25,357
0,1,391,37,357
0,1,414,39,357
0,1,465,7,357
0,1,495,17,357
0,1,505,33,357
0,1,541,11,357
0,1,552,16,357
0,1,560,1,357
0,1,562,2,357
0,1,565,20,357
0,1,661,14,357
0,1,672,31,357
0,1,678,5,357
0,1,704,16,357
0,1,706,21,357
0,1,727,22,357
0,1,742,26,357
0,1,745,35,357
0,1,760,31,357
0,1,771,1,357
0,1,786,33,357
0,1,792,16,357
0,1,793,12,357
0,1,820,31,357
0,1,856,22,357
0,1,900,24,357
0,1,926,24,357
0,1,938,17,357
0,1,954,12,357
0,1,960,32,357
0,1,961,30,357
0,1,1022,35,357
0,1,1048,14,357
0,1,1058,34,357
0,1,1083,32,357
0,1,1084,18,357
0,1,1129,7,357
0,1,1143,18,357
0,1,1145,18,357
0,1,1150,5,357
0,1,1263,24,357
0,1,1283,5,357
0,1,1308,34,357
0,1,1321,36,357
0,1,1332,17,357
0,1,1420,3,357
0,1,1423,32,357
0,1,1424,16,357
0,1,1436,4,357
0,1,1442,5,357
0,1,1444,5,357
0,1,1445,29,357
0,1,1459,39,357
0,1,1464,14,357
0,1,1470,38,357
0,1,1481,20,357
0,1,1516,28,357
0,1,1532,26,357
0,1,1565,24,357
0,1,1574,39,357
0,1,1580,19,357
0,1,1586,26,357
0,1,1617,17,357
0,1,1619,33,357
0,1,1632,23,357
0,1,1646,6,357
0,1,1657,20,357
0,1,1666,10,357
0,1,1667,32,357
0,1,1694,36,357
0,1,1731,33,357
0,1,1735,20,357
0,1,1764,3,357
0,1,1797,15,357
0,1,1837,3,357
0,1,1838,6,357
0,1,1839,27,357
0,1,1845,12,357
0,1,1854,16,357
0,1,1856,20,357
0,1,1885,22,357
0,1,1886,34,357
0,1,1917,9,357
0,1,1942,15,357
0,1,1961,8,357
0,1,1966,16,357
0,1,1979,19,357
0,1,1986,10,357
0,1,1989,25,357
0,1,1991,40,357
0,1,2036,22,357
0,1,2057,20,357
0,1,2062,17,357
0,1,2099,8,357
0,1,2103,25,357
0,1,2109,14,357
0,1,2121,9,357
0,1,2134,4,357
0,1,2143,21,357
0,1,2174,11,357
0,1,2176,7,357
0,1,2181,39,357
0,1,2194,12,357
0,1,2198,38,357
0,1,2225,35,357
0,1,2239,1,357
0,1,2240,6,357
0,1,2252,29,357
0,1,2254,11,357
0,1,2284,17,357
0,1,2306,20,357
0,1,2321,40,357
0,1,2322,5,357
0,1,2323,18,357
0,1,2331,8,357
0,1,2334,14,357
0,1,2386,2,357
0,1,2428,33,357
0,1,2468,10,357
0,1,2486,7,357
0,1,2488,33,357
0,1,2543,35,357
0,1,2582,7,357
0,1,2586,11,357
0,1,2617,35,357
0,1,2634,21,357
0,1,2644,38,357
0,1,2682,24,357
0,1,2685,2,357
0,1,2694,22,357
0,1,2695,30,357
0,1,2714,15,357
0,1,2720,14,357
0,1,2736,37,357
0,1,2753,5,357
0,1,2771,10,357
0,1,2783,18,357
0,1,2810,32,357
0,1,2817,22,357
0,1,2833,5,357
0,1,2844,7,357
0,1,2870,4,357
0,1,2879,18,357
0,1,2883,38,357
0,1,2960,9,357
0,1,2968,8,357
0,1,2979,40,357
0,1,3011,18,357
0,1,3020,9,357
0,1,3048,33,357
0,1,3065,25,357
0,1,3077,9,357
0,1,3085,36,357
0,1,3105,16,357
0,1,3115,39,357
0,1,3142,38,357
0,1,3158,22,357
0,1,3179,23,357
0,1,3194,15,357
0,1,3198,15,357
0,1,3222,9,357
0,1,3230,26,357
0,1,3267,21,357
0,1,3272,7,357
0,1,3285,19,357
0,1,3312,11,357
0,1,3320,3,357
0,1,3333,24,357
0,1,3363,27,357
0,1,3364,2,357
0,1,3373,24,357
0,1,3375,19,357
0,1,3381,11,357
0,1,3401,21,357
0,1,3426,3,357
0,1,3453,27,357
0,1,3456,37,357
0,1,3458,39,357
0,1,3481,37,357
0,1,3484,25,357
0,1,3506,21,357
0,1,3515,6,357
0,1,3561,8,357
0,1,3563,34,357
0,1,3570,32,357
0,1,3573,9,357
0,1,3580,1,357
0,1,3666,7,357
0,1,3671,29,357
0,1,3676,34,357
0,1,3690,40,357
0,1,3700,10,357
0,1,3709,11,357
0,1,3722,32,357
0,1,3723,18,357
0,1,3773,33,357
0,1,3827,27,357
0,1,3842,21,357
0,1,3850,23,357
0,1,3875,28,357
0,1,3894,37,357
0,1,3915,24,357
0,1,3973,19,357
0,1,4003,34,357
0,1,4013,34,357
0,1,4053,28,357
0,1,4063,30,357
0,1,4075,35,357
0,1,4130,15,357
0,1,4142,31,357
0,1,4151,6,357
0,1,4159,22,357
0,1,4164,39,357
0,1,4205,34,357
0,1,4207,34,357
0,1,4278,27,357
0,1,4296,24,357
0,1,4306,29,357
0,1,4347,8,357
0,1,4367,39,357
0,1,4456,36,357
0,1,4483,38,357
0,1,4511,29,357
0,1,4530,28,357
0,1,4533,27,357
0,1,4548,2,357
0,1,4584,33,357
0,1,4593,40,357
0,1,4603,15,357
0,1,4621,4,357
0,1,4628,31,357
0,1,4633,9,357
0,1,4642,38,357
0,1,4701,19,357
0,1,4733,9,357
0,1,4742,27,357
0,1,4746,19,357
0,1,4769,24,357
0,1,4782,32,357
0,1,4797,2,357
0,1,4852,30,357
0,1,4884,18,357
0,1,4901,15,357
0,1,4926,9,357
0,1,4929,38,357
0,1,4930,8,357
0,1,4942,13,357
0,1,4944,34,357
0,1,4981,22,357
0,1,5073,17,357
0,1,5081,1,357
0,1,5105,28,357
0,1,5120,16,357
0,1,5151,33,357
0,1,5171,12,357
0,1,5173,32,357
0,1,5187,3,357
0,1,5190,29,357
0,1,5198,33,357
0,1,5207,13,357
0,1,5213,32,357
0,1,5245,34,357
0,1,5247,21,357
0,1,5251,2,357
0,1,5259,28,357
0,1,5269,25,357
0,1,5281,40,357
0,1,5304,13,357
0,1,5316,30,357
0,1,5330,10,357
0,1,5353,33,357
0,1,5356,34,357
0,1,5359,14,357
0,1,5363,12,357
0,1,5372,21,357
0,1,5382,14,357
0,1,5393,26,357
0,1,5394,23,357
0,1,5398,18,357
0,1,5421,30,357
0,1,5430,30,357
0,1,5457,34,357
0,1,5474,7,357
0,1,5498,10,357
0,1,5505,32,357
0,1,5507,29,357
0,1,5558,19,357
0,1,5559,36,357
0,1,5565,12,357
0,1,5569,15,357
0,1,5579,35,357
0,1,5588,23,357
0,1,5595,21,357
0,1,5596,16,357
0,1,5692,28,357
0,1,5704,29,357
0,1,5705,33,357
0,1,5738,35,357
0,1,5739,17,357
0,1,5760,24,357
0,1,5771,11,357
0,1,5811,27,357
0,1,5816,24,357
0,1,5831,8,357
0,1,5837,18,357
0,1,5841,38,357
0,1,5885,37,357
0,1,5961,19,357
0,1,5967,2,357
0,1,5970,1,357
0,1,5987,7,357
0,1,5988,27,357
0,1,6030,39,357
0,1,6041,39,357
0,1,6066,12,357
0,1,6079,30,357
0,1,6132,28,357
0,1,6136,31,357
0,1,6137,23,357
0,1,6171,8,357
0,1,6178,16,357
0,1,6194,25,357
0,1,6210,20,357
0,1,6240,8,357
0,1,6298,10,357
0,1,6301,8,357
0,1,6302,37,357
0,1,6335,2,357
0,1,6363,28,357
0,1,6384,36,357
0,1,6400,17,357
0,1,6458,10,357
0,1,6474,8,357
0,1,6477,22,357
0,1,6482,18,357
0,1,6493,15,357
0,1,6503,38,357
0,1,6512,12,357
0,1,6552,36,357
0,1,6554,3,357
0,1,6576,7,357
0,1,6595,13,357
0,1,6617,24,357
0,1,6631,3,357
0,1,6638,23,357
0,1,6644,3,357
0,1,6649,12,357
0,1,6660,28,357
0,1,6677,9,357
0,1,6686,36,357
0,1,6706,13,357
0,1,6710,15,357
0,1,6776,1,357
0,1,6822,29,357
0,1,6823,14,357
0,1,6829,32,357
0,1,6836,12,357
0,1,6838,27,357
0,1,6920,29,357
0,1,6942,39,357
0,1,6957,30,357
0,1,6961,20,357
0,1,6996,16,357
0,1,7004,3,357
0,1,7018,37,357
0,1,7060,25,357
0,1,7062,27,357
0,1,7106,5,357
0,1,7115,11,357
0,1,7118,34,357
0,1,7140,40,357
0,1,7176,25,357
0,1,7179,36,357
0,1,7182,4,357
0,1,7203,15,357
0,1,7257,17,357
0,1,7258,35,357
0,1,7280,35,357
0,1,7285,24,357
0,1,7323,10,357
0,1,7343,8,357
0,1,7356,39,357
0,1,7366,10,357
0,1,7368,40,357
0,1,7372,25,357
0,1,7377,14,357
0,1,7413,30,357
0,1,7434,37,357
0,1,7441,34,357
0,1,7442,33,357
0,1,7455,12,357
0,1,7461,10,357
0,1,7468,11,357
0,1,7471,13,357
0,1,7482,15,357
0,1,7485,31,357
0,1,7492,35,357
0,1,7495,37,357
0,1,7518,33,357
0,1,7520,16,357
0,1,7541,26,357
0,1,7574,5,357
0,1,7593,22,357
0,1,7609,10,357
0,1,7629,29,357
0,1,7661,36,357
0,1,7668,16,357
0,1,7691,28,357
0,1,7698,5,357
0,1,7712,13,357
0,1,7727,25,357
0,1,7735,23,357
0,1,7736,14,357
0,1,7749,4,357
0,1,7807,18,357
0,1,7855,19,357
0,1,7856,29,357
0,1,7858,12,357
0,1,7867,34,357
0,1,7868,26,357
0,1,7874,25,357
0,1,7887,32,357
0,1,7891,34,357
0,1,7901,15,357
0,1,7916,33,357
0,1,7923,34,357
0,1,7933,11,357
0,1,7934,22,357
0,1,8001,12,357
0,1,8021,40,357
0,1,8024,35,357
0,1,8063,35,357
0,1,8065,7,357
0,1,8073,16,357
0,1,8084,12,357
0,1,8085,32,357
0,1,8143,9,357
0,1,8153,24,357
0,1,8154,39,357
0,1,8156,31,357
0,1,8180,33,357
0,1,8191,22,357
0,1,8199,38,357
0,1,8213,31,357
0,1,8217,17,357
0,1,8243,29,357
0,1,8248,11,357
0,1,8250,23,357
0,1,8260,14,357
0,1,8298,30,357
0,1,8376,15,357
0,1,8386,27,357
0,1,8388,12,357
0,1,8413,2,357
0,1,8418,35,357
0,1,8421,6,357
0,1,8432,32,357
0,1,8484,8,357
0,1,8496,39,357
0,1,8507,6,357
0,1,8527,21,357
0,1,8538,33,357
0,1,8548,25,357
0,1,8559,11,357
0,1,8624,39,357
0,1,8632,28,357
0,1,8675,20,357
0,1,8692,38,357
0,1,8694,31,357
0,1,8710,1,357
0,1,8714,14,357
0,1,8725,16,357
0,1,8730,33,357
0,1,8740,22,357
0,1,8780,18,357
0,1,8810,40,357
0,1,8827,17,357
0,1,8860,35,357
0,1,8889,13,357
0,1,8904,35,357
0,1,8913,40,357
0,1,8921,28,357
0,1,8929,17,357
0,1,8950,5,357
0,1,8992,5,357
0,1,8998,38,357
0,1,9003,22,357
0,1,9017,26,357
0,1,9044,23,357
0,1,9050,15,357
0,1,9063,17,357
0,1,9070,22,357
0,1,9093,38,357
0,1,9147,4,357
0,1,9164,5,357
0,1,9186,29,357
0,1,9199,33,357
0,1,9228,30,357
0,1,9248,18,357
0,1,9252,5,357
0,1,9265,16,357
0,1,9284,21,357
0,1,9308,14,357
0,1,9309,35,357
0,1,9328,24,357
0,1,9342,35,357
0,1,9362,24,357
0,1,9371,19,357
0,1,9383,14,357
0,1,9384,38,357
0,1,9387,7,357
0,1,9419,9,357
0,1,9433,24,357
0,1,9455,39,357
0,1,9462,32,357
0,1,9473,26,357
0,1,9474,2,357
0,1,9516,40,357
0,1,9525,37,357
0,1,9529,10,357
0,1,9556,20,357
0,1,9568,19,357
0,1,9608,16,357
0,1,9637,37,357
0,1,9666,27,357
0,1,9667,34,357
0,1,9673,3,357
0,1,9704,9,357
0,1,9731,31,357
0,1,9734,23,357
0,1,9769,10,357
0,1,9793,9,357
0,1,9799,34,357
0,1,9841,33,357
0,1,9847,3,357
0,1,9849,40,357
0,1,9858,29,357
0,1,9862,33,357
0,1,9884,23,357
0,1,9913,27,357
0,1,9914,12,357
0,1,9916,31,357
0,1,9942,8,357
0,1,9953,20,357
0,1,9960,38,357
0,1,9990,7,357
0,1,9992,18,357
0,1,10022,24,357
0,1,10037,2,357
0,1,10039,11,357
0,1,10072,1,357
0,1,10081,33,357
0,1,10094,10,357
0,1,10147,10,357
0,1,10152,4,357
0,1,10175,25,357
0,1,10183,13,357
0,1,10211,38,357
0,1,10215,38,357
0,1,10232,18,357
0,1,10254,39,357
0,1,10275,26,357
0,1,10292,9,357
0,1,10295,19,357
0,1,10339,37,357
0,1,10412,34,357
0,1,10425,29,357
0,1,10430,20,357
0,1,10437,9,357
0,1,10456,33,357
0,1,10466,23,357
0,1,10494,6,357
0,1,10517,15,357
0,1,10523,39,357
0,1,10537,13,357
0,1,10539,2,357
0,1,10553,35,357
0,1,10558,34,357
0,1,10572,31,357
0,1,10644,24,357
0,1,10660,33,357
0,1,10666,28,357
0,1,10715,39,357
0,1,10761,39,357
0,1,10781,22,357
0,1,10785,18,357
0,1,10788,36,357
0,1,10830,22,357
0,1,10833,19,357
0,1,10850,19,357
0,1,10854,33,357
0,1,10872,38,357
0,1,10873,9,357
0,1,10883,7,357
0,1,10887,29,357
0,1,10906,14,357
0,1,10907,21,357
0,1,10919,27,357
0,1,10949,11,357
0,1,10950,39,357
0,1,10959,1,357
0,1,10974,11,357
0,1,10990,33,357
0,1,11008,5,357
0,1,11017,25,357
0,1,11021,17,357
0,1,11054,34,357
0,1,11153,31,357
0,1,11172,32,357
0,1,11241,37,357
0,1,11244,5,357
0,1,11258,35,357
0,1,11266,3,357
0,1,11274,31,357
0,1,11313,40,357
0,1,11328,19,357
0,1,11341,19,357
0,1,11346,10,357
0,1,11358,3,357
0,1,11414,26,357
0,1,11419,33,357
0,1,11422,18,357
0,1,11442,25,357
0,1,11467,13,357
0,1,11484,32,357
0,1,11500,38,357
0,1,11522,22,357
0,1,11532,24,357
0,1,11540,34,357
0,1,11575,17,357
0,1,11577,10,357
0,1,11584,1,357
0,1,11594,10,357
0,1,11600,8,357
0,1,11604,36,357
0,1,11683,36,357
0,1,11697,15,357
0,1,11744,12,357
0,1,11761,37,357
0,1,11766,5,357
0,1,11768,22,357
0,1,11782,34,357
0,1,11795,6,357
0,1,11838,23,357
0,1,11860,20,357
0,1,11863,37,357
0,1,11893,7,357
0,1,11913,14,357
0,1,11938,37,357
0,1,11946,6,357
0,1,11958,39,357
0,1,11968,25,357
0,1,11985,36,357
0,1,11989,11,357
0,1,12023,16,357
0,1,12081,40,357
0,1,12148,18,357
0,1,12165,25,357
0,1,12175,4,357
0,1,12186,12,357
0,1,12209,17,357
0,1,12217,31,357
0,1,12231,14,357
0,1,12270,34,357
0,1,12294,36,357
0,1,12306,15,357
0,1,12331,35,357
0,1,12333,18,357
0,1,12339,8,357
0,1,12372,2,357
0,1,12376,28,357
0,1,12379,26,357
0,1,12391,34,357
0,1,12405,38,357
0,1,12419,20,357
0,1,12420,21,357
0,1,12423,4,357
0,1,12433,14,357
0,1,12444,31,357
0,1,12469,12,357
0,1,12511,5,357
0,1,12560,21,357
0,1,12586,26,357
0,1,12590,18,357
0,1,12610,12,357
0,1,12644,15,357
0,1,12650,1,357
0,1,12654,23,357
0,1,12657,13,357
0,1,12663,38,357
0,1,12669,12,357
0,1,12683,39,357
0,1,12696,25,357
0,1,12703,18,357
0,1,12712,26,357
0,1,12716,13,357
0,1,12733,39,357
0,1,12737,1,357
0,1,12768,20,357
0,1,12779,29,357
0,1,12825,35,357
0,1,12836,13,357
0,1,12848,31,357
0,1,12851,19,357
0,1,12852,13,357
0,1,12874,30,357
0,1,12883,12,357
0,1,12898,26,357
0,1,12927,29,357
0,1,12940,4,357
0,1,12967,25,357
0,1,12968,34,357
0,1,12987,32,357
0,1,13034,24,357
0,1,13060,7,357
0,1,13067,11,357
0,1,13084,28,357
0,1,13113,23,357
0,1,13159,30,357
0,1,13176,5,357
0,1,13214,7,357
0,1,13222,9,357
0,1,13249,7,357
0,1,13271,37,357
0,1,13288,25,357
0,1,13292,29,357
0,1,13303,23,357
0,1,13337,35,357
0,1,13341,40,357
0,1,13375,6,357
0,1,13381,31,357
0,1,13387,9,357
0,1,13402,19,357
0,1,13414,29,357
0,1,13419,31,357
0,1,13441,13,357
0,1,13444,13,357
0,1,13451,1,357
0,1,13454,35,357
0,1,13494,37,357
0,1,13500,11,357
0,1,13506,9,357
0,1,13537,25,357
0,1,13545,23,357
0,1,13586,8,357
0,1,13589,25,357
0,1,13590,29,357
0,1,13592,4,357
0,1,13607,17,357
0,1,13655,28,357
0,1,13663,23,357
0,1,13691,29,357
0,1,13703,27,357
0,1,13708,12,357
0,1,13716,37,357
0,1,13717,2,357
0,1,13721,28,357
0,1,13748,33,357
0,1,13749,34,357
0,1,13750,14,357
0,1,13795,16,357
0,1,13810,27,357
0,1,13824,24,357
0,1,13835,15,357
0,1,13846,11,357
0,1,13890,30,357
0,1,13892,2,357
0,1,13902,20,357
0,1,13907,22,357
0,1,13922,12,357
0,1,13925,33,357
0,1,13930,5,357
0,1,13988,37,357
0,1,13989,19,357
0,1,13997,38,357
0,1,14005,10,357
0,1,14027,13,357
0,1,14075,25,357
0,1,14089,30,357
0,1,14091,25,357
0,1,14110,36,357
0,1,14120,34,357
0,1,14127,13,357
0,1,14156,23,357
0,1,14163,1,357
0,1,14172,23,357
0,1,14213,9,357
0,1,14258,14,357
0,1,14273,22,357
0,1,14304,23,357
0,1,14313,20,357
0,1,14325,40,357
0,1,14346,7,357
0,1,14376,4,357
0,1,14377,5,357
0,1,14415,28,357
0,1,14417,38,357
0,1,14443,30,357
0,1,14478,29,357
0,1,14512,30,357
0,1,14519,16,357
0,1,14521,39,357
0,1,14524,29,357
0,1,14536,20,357
0,1,14554,21,357
0,1,14560,28,357
0,1,14567,24,357
0,1,14596,9,357
0,1,14598,27,357
0,1,14612,6,357
0,1,14675,13,357
0,1,14678,15,357
0,1,14756,39,357
0,1,14769,36,357
0,1,14779,39,357
0,1,14787,26,357
0,1,14792,28,357
0,1,14798,1,357
0,1,14820,2,357
0,1,14843,37,357
0,1,14889,10,357
0,1,14892,12,357
0,1,14897,33,357
0,1,14899,6,357
0,1,14913,14,357
0,1,14928,37,357
0,1,14929,10,357
0,1,14956,25,357
0,1,14958,7,357
0,1,14988,38,357
0,1,14993,36,357
0,1,14997,2,357
0,1,15029,33,357
0,1,15031,37,357
0,1,15033,33,357
0,1,15052,13,357
0,1,15060,5,357
0,1,15073,37,357
0,1,15074,25,357
0,1,15102,6,357
0,1,15167,17,357
0,1,15171,13,357
0,1,15192,15,357
0,1,15195,16,357
0,1,15209,25,357
0,1,15217,16,357
0,1,15234,2,357
0,1,15261,17,357
0,1,15263,39,357
0,1,15308,25,357
0,1,15317,34,357
0,1,15361,14,357
0,1,15363,23,357
0,1,15367,38,357
0,1,15369,15,357
0,1,15370,12,357
0,1,15382,32,357
0,1,15402,38,357
0,1,15479,1,357
0,1,15526,35,357
0,1,15542,4,357
0,1,15556,39,357
0,1,15565,23,357
0,1,15579,34,357
0,1,15610,11,357
0,1,15648,32,357
0,1,15661,6,357
0,1,15705,38,357
0,1,15757,17,357
0,1,15873,15,357
0,1,15874,35,357
0,1,15881,16,357
0,1,15922,24,357
0,1,15927,40,357
0,1,15932,40,357
0,1,15935,31,357
0,1,15949,4,357
0,1,15974,29,357
0,1,15987,24,357
0,1,16016,22,357
0,1,16029,40,357
0,1,16056,18,357
0,1,16087,13,357
0,1,16097,33,357
0,1,16155,29,357
0,1,16216,28,357
0,1,16221,29,357
0,1,16269,4,357
0,1,16306,11,357
0,1,16326,15,357
0,1,16361,6,357
0,1,16394,31,357
0,1,16397,16,357
0,1,16402,29,357
0,1,16414,17,357
0,1,16464,19,357
0,1,16478,30,357
0,1,16484,36,357
0,1,16491,20,357
0,1,16507,10,357
0,1,16515,30,357
0,1,16519,20,357
0,1,16588,20,357
0,1,16596,29,357
0,1,16648,35,357
0,1,16651,27,357
0,1,16661,30,357
0,1,16671,38,357
0,1,16683,13,357
0,1,16689,15,357
0,1,16690,32,357
0,1,16695,6,357
0,1,16746,36,357
0,1,16753,32,357
0,1,16758,11,357
0,1,16797,37,357
0,1,16825,33,357
0,1,16847,7,357
0,1,16868,24,357
0,1,16877,19,357
0,1,16896,7,357
0,1,16941,33,357
0,1,16973,3,357
0,1,16979,7,357
0,1,17030,34,357
0,1,17036,1,357
0,1,17105,10,357
0,1,17107,22,357
0,1,17114,24,357
0,1,17131,3,357
0,1,17150,2,357
0,1,17167,28,357
0,1,17213,15,357
0,1,17258,32,357
0,1,17266,33,357
0,1,17278,36,357
0,1,17281,28,357
0,1,17311,36,357
0,1,17345,2,357
0,1,17357,19,357
0,1,17388,6,357
0,1,17399,31,357
0,1,17405,33,357
0,1,17419,35,357
0,1,17434,17,357
0,1,17443,11,357
0,1,17468,10,357
0,1,17489,17,357
0,1,17534,10,357
0,1,17535,7,357
0,1,17567,29,357
0,1,17578,17,357
0,1,17590,17,357
0,1,17598,38,357
0,1,17602,2,357
0,1,17612,30,357
0,1,17677,20,357
0,1,17737,24,357
0,1,17748,27,357
0,1,17760,8,357
0,1,17762,40,357
0,1,17767,23,357
0,1,17806,7,357
0,1,17823,14,357
0,1,17834,17,357
0,1,17847,6,357
0,1,17861,16,357
0,1,17863,3,357
0,1,17875,26,357
0,1,17910,28,357
0,1,17952,39,357
0,1,17974,23,357
0,1,17987,26,357
0,1,17993,15,357
0,1,18014,24,357
0,1,18047,40,357
0,1,18054,20,357
0,1,18065,15,357
0,1,18068,35,357
0,1,18152,38,357
0,1,18170,14,357
0,1,18175,10,357
0,1,18190,10,357
0,1,18198,2,357
0,1,18212,31,357
0,1,18251,33,357
0,1,18262,1,357
0,1,18296,14,357
0,1,18302,32,357
0,1,18308,11,357
0,1,18314,6,357
0,1,18332,8,357
0,1,18344,2,357
0,1,18360,27,357
0,1,18376,13,357
0,1,18388,3,357
0,1,18439,29,357
0,1,18479,37,357
0,1,18516,38,357
0,1,18535,19,357
0,1,18545,29,357
0,1,18554,37,357
0,1,18559,33,357
0,1,18562,30,357
0,1,18585,18,357
0,1,18587,6,357
0,1,18594,4,357
0,1,18596,25,357
0,1,18602,10,357
0,1,18612,18,357
0,1,18701,21,357
0,1,18715,40,357
0,1,18754,16,357
0,1,18755,12,357
0,1,18757,36,357
0,1,18764,39,357
0,1,18776,4,357
0,1,18798,22,357
0,1,18813,40,357
0,1,18825,6,357
0,1,18836,27,357
0,1,18842,4,357
0,1,18921,23,357
0,1,18959,29,357
0,1,18960,20,357
0,1,18972,12,357
0,1,18996,33,357
0,1,19011,20,357
0,1,19015,24,357
0,1,19039,4,357
0,1,19046,7,357
0,1,19049,4,357
0,1,19069,22,357
0,1,19070,24,357
0,1,19071,2,357
0,1,19074,13,357
0,1,19094,37,357
0,1,19171,4,357
0,1,19208,4,357
0,1,19223,5,357
0,1,19242,6,357
0,1,19246,28,357
0,1,19253,21,357
0,1,19263,38,357
0,1,19266,20,357
0,1,19273,33,357
0,1,19285,4,357
0,1,19316,24,357
0,1,19318,14,357
0,1,19366,9,357
0,1,19407,8,357
0,1,19497,9,357
0,1,19537,6,357
0,1,19538,11,357
0,1,19550,5,357
0,1,19563,35,357
0,1,19571,17,357
0,1,19626,4,357
0,1,19632,35,357
0,1,19664,28,357
0,1,19669,8,357
0,1,19685,30,357
0,1,19706,29,357
0,1,19708,6,357
0,1,19723,4,357
0,1,19756,23,357
0,1,19758,11,357
0,1,19769,30,357
0,1,19790,13,357
0,1,19828,35,357
0,1,19835,6,357
0,1,19847,13,357
0,1,19876,11,357
0,1,19894,33,357
0,1,19910,40,357
0,1,19945,21,357
0,1,19981,13,357
0,1,20016,28,357
0,1,20017,25,357
0,1,20038,16,357
0,1,20039,5,357
0,1,20048,2,357
0,1,20058,19,357
0,1,20076,34,357
0,1,20150,35,357
0,1,20152,1,357
0,1,20165,15,357
0,1,20179,24,357
0,1,20182,33,357
0,1,20189,15,357
0,1,20214,13,357
0,1,20219,20,357
0,1,20296,28,357
0,1,20297,32,357
0,1,20302,13,357
0,1,20303,3,357
0,1,20326,13,357
0,1,20329,15,357
0,1,20370,40,357
0,1,20443,17,357
0,1,20472,8,357
0,1,20476,33,357
0,1,20511,22,357
0,1,20536,4,357
0,1,20559,36,357
0,1,20572,27,357
0,1,20577,11,357
0,1,20615,2,357
0,1,20616,40,357
0,1,20630,13,357
0,1,20637,28,357
0,1,20648,40,357
0,1,20660,12,357
0,1,20686,29,357
0,1,20699,28,357
0,1,20742,11,357
0,1,20767,16,357
0,1,20773,21,357
0,1,20801,11,357
0,1,20816,21,357
0,1,20842,30,357
0,1,20872,16,357
0,1,20874,27,357
0,1,20884,39,357
0,1,20889,5,357
0,1,20896,36,357
0,1,20898,25,357
0,1,20915,12,357
0,1,20925,24,357
0,1,20943,3,357
0,1,20954,4,357
0,1,20959,13,357
0,1,20968,20,357
0,1,20982,18,357
0,1,20987,25,357
0,1,21063,22,357
0,1,21064,32,357
0,1,21068,20,357
0,1,21088,8,357
0,1,21109,18,357
0,1,21149,9,357
0,1,21168,29,357
0,1,21177,5,357
0,1,21180,34,357
0,1,21187,25,357
0,1,21191,35,357
0,1,21195,8,357
0,1,21198,20,357
0,1,21208,23,357
0,1,21210,22,357
0,1,21229,28,357
0,1,21238,23,357
0,1,21253,25,357
0,1,21326,37,357
0,1,21346,1,357
0,1,21350,34,357
0,1,21364,19,357
0,1,21393,15,357
0,1,21404,21,357
0,1,21426,35,357
0,1,21446,9,357
0,1,21447,7,357
0,1,21483,20,357
0,1,21485,21,357
0,1,21493,32,357
0,1,21503,30,357
0,1,21507,6,357
0,1,21539,34,357
0,1,21593,25,357
0,1,21598,2,357
0,1,21602,3,357
0,1,21642,39,357
0,1,21656,2,357
0,1,21686,29,357
0,1,21694,30,357
0,1,21703,39,357
0,1,21751,16,357
0,1,21773,30,357
0,1,21777,34,357
0,1,21785,10,357
0,1,21791,10,357
0,1,21797,39,357
0,1,21848,17,357
0,1,21866,1,357
0,1,21881,15,357
0,1,21917,14,357
0,1,21920,27,357
0,1,21923,10,357
0,1,21975,9,357
0,1,22003,21,357
0,1,22063,27,357
0,1,22077,23,357
0,1,22090,13,357
0,1,22099,10,357
0,1,22111,15,357
0,1,22132,28,357
0,1,22134,21,357
0,1,22161,31,357
0,1,22166,17,357
0,1,22226,25,357
0,1,22246,6,357
0,1,22269,15,357
0,1,22276,23,357
0,1,22278,34,357
0,1,22309,14,357
0,1,22333,7,357
0,1,22336,10,357
0,1,22341,22,357
0,1,22355,15,357
0,1,22356,33,357
0,1,22362,9,357
0,1,22377,11,357
0,1,22383,8,357
0,1,22393,39,357
0,1,22426,40,357
0,1,22441,27,357
0,1,22463,40,357
0,1,22473,16,357
0,1,22487,11,357
0,1,22511,30,357
0,1,22536,2,357
0,1,22542,5,357
0,1,22551,38,357
0,1,22567,8,357
0,1,22586,32,357
0,1,22617,9,357
0,1,22650,12,357
0,1,22684,1,357
0,1,22690,13,357
0,1,22694,28,357
0,1,22738,40,357
0,1,22750,36,357
0,1,22769,2,357
0,1,22774,28,357
0,1,22791,13,357
0,1,22794,22,357
0,1,22828,27,357
0,1,22839,23,357
0,1,22855,8,357
0,1,22859,6,357
0,1,22885,33,357
0,1,22906,28,357
0,1,22912,9,357
0,1,22918,29,357
0,1,22933,26,357
0,1,22946,6,357
0,1,22948,25,357
0,1,22959,21,357
0,1,23023,10,357
0,1,23043,28,357
0,1,23067,11,357
0,1,23087,12,357
0,1,23153,6,357
0,1,23164,1,357
0,1,23188,8,357
0,1,23191,29,357
0,1,23204,36,357
0,1,23235,27,357
0,1,23244,2,357
0,1,23250,40,357
0,1,23251,31,357
0,1,23324,21,357
0,1,23326,30,357
0,1,23372,34,357
0,1,23378,24,357
0,1,23403,33,357
0,1,23433,4,357
0,1,23444,33,357
0,1,23448,35,357
0,1,23459,6,357
0,1,23461,37,357
0,1,23462,32,357
0,1,23483,27,357
0,1,23489,37,357
0,1,23498,9,357
0,1,23527,10,357
0,1,23559,29,357
0,1,23621,7,357
0,1,23646,19,357
0,1,23663,34,357
0,1,23675,14,357
0,1,23695,39,357
0,1,23714,5,357
0,1,23728,31,357
0,1,23742,33,357
0,1,23791,19,357
0,1,23820,36,357
0,1,23824,13,357
0,1,23828,17,357
0,1,23838,19,357
0,1,23853,3,357
0,1,23878,12,357
0,1,23927,17,357
0,1,23966,40,357
0,1,23972,22,357
0,1,23986,8,357
0,1,24001,4,357
0,1,24036,32,357
0,1,24038,13,357
0,1,24090,4,357
0,1,24125,3,357
0,1,24147,7,357
0,1,24151,9,357
0,1,24177,4,357
0,1,24194,8,357
0,1,24214,37,357
0,1,24241,18,357
0,1,24249,15,357
0,1,24250,17,357
0,1,24268,11,357
0,1,24278,10,357
0,1,24283,37,357
0,1,24294,39,357
0,1,24297,18,357
0,1,24306,10,357
0,1,24342,38,357
0,1,24364,13,357
0,1,24381,9,357
0,1,24390,40,357
0,1,24391,37,357
0,1,24411,33,357
0,1,24414,13,357
0,1,24433,15,357
0,1,24451,27,357
0,1,24452,31,357
0,1,24464,14,357
0,1,24507,29,357
0,1,24520,40,357
0,1,24523,5,357
0,1,24528,5,357
0,1,24530,33,357
0,1,24533,34,357
0,1,24544,5,357
0,1,24547,35,357
0,1,24552,23,357
0,1,24556,30,357
0,1,24561,18,357
0,1,24570,10,357
0,1,24652,30,357
0,1,24677,7,357
0,1,24735,40,357
0,1,24737,1,357
0,1,24739,29,357
0,1,24747,19,357
0,1,24754,34,357
0,1,24757,12,357
0,1,24778,38,357
0,1,24783,38,357
0,1,24818,6,357
0,1,24826,13,357
0,1,24840,2,357
0,1,24846,11,357
0,1,24852,35,357
0,1,24860,39,357
0,1,24934,29,357
0,1,24935,30,357
0,1,24965,6,357
0,1,25081,30,357
0,1,25140,28,357
0,1,25149,39,357
0,1,25162,32,357
0,1,25163,5,357
0,1,25187,6,357
0,1,25188,27,357
0,1,25221,6,357
0,1,25226,14,357
0,1,25256,7,357
0,1,25300,33,357
0,1,25305,37,357
0,1,25319,16,357
0,1,25339,21,357
0,1,25363,15,357
0,1,25373,18,357
0,1,25376,23,357
0,1,25380,23,357
0,1,25411,30,357
0,1,25421,15,357
0,1,25440,5,357
0,1,25449,35,357
0,1,25458,13,357
0,1,25463,28,357
0,1,25538,15,357
0,1,25539,27,357
0,1,25571,12,357
0,1,25577,4,357
0,1,25590,10,357
0,1,25598,25,357
0,1,25605,25,357
0,1,25671,40,357
0,1,25689,18,357
0,1,25696,5,357
0,1,25720,15,357
0,1,25734,30,357
0,1,25742,24,357
0,1,25748,28,357
0,1,25764,11,357
0,1,25772,19,357
0,1,25781,15,357
0,1,25789,9,357
0,1,25791,6,357
0,1,25808,12,357
0,1,25813,27,357
0,1,25840,16,357
0,1,25869,26,357
0,1,25875,21,357
0,1,25882,15,357
0,1,25902,10,357
0,1,25921,37,357
0,1,25986,26,357
0,1,25990,8,357
0,1,26024,40,357
0,1,26046,25,357
0,1,26050,38,357
0,1,26069,32,357
0,1,26078,36,357
0,1,26092,2,357
0,1,26134,16,357
0,1,26141,11,357
0,1,26188,16,357
0,1,26211,33,357
0,1,26222,20,357
0,1,26236,29,357
0,1,26255,22,357
0,1,26261,33,357
0,1,26270,15,357
0,1,26295,28,357
0,1,26300,11,357
0,1,26301,35,357
0,1,26304,18,357
0,1,26346,35,357
0,1,26369,26,357
0,1,26392,36,357
0,1,26397,22,357
0,1,26418,27,357
0,1,26422,20,357
0,1,26428,8,357
0,1,26451,28,357
0,1,26480,34,357
0,1,26490,9,357
0,1,26492,33,357
0,1,26507,19,357
0,1,26539,32,357
0,1,26547,26,357
0,1,26553,30,357
0,1,26558,35,357
0,1,26569,6,357
0,1,26573,39,357
0,1,26580,8,357
0,1,26590,4,357
0,1,26635,24,357
0,1,26664,31,357
0,1,26677,18,357
0,1,26686,29,357
0,1,26747,39,357
0,1,26753,19,357
0,1,26758,30,357
0,1,26761,30,357
0,1,26802,28,357
0,1,26814,14,357
0,1,26825,2,357
0,1,26827,2,357
0,1,26828,9,357
0,1,26833,12,357
0,1,26836,14,357
0,1,26859,39,357
0,1,26881,24,357
0,1,26932,40,357
0,1,26967,9,357
0,1,26968,6,357
0,1,26984,23,357
0,1,26987,34,357
0,1,27037,9,357
0,1,27044,32,357
0,1,27049,11,357
0,1,27051,10,357
0,1,27077,10,357
0,1,27089,12,357
0,1,27106,13,357
0,1,27177,11,357
0,1,27239,29,357
0,1,27255,26,357
0,1,27290,16,357
0,1,27306,37,357
0,1,27309,7,357
0,1,27334,17,357
0,1,27340,2,357
0,1,27348,12,357
0,1,27352,5,357
0,1,27364,6,357
0,1,27389,14,357
0,1,27413,39,357
0,1,27423,32,357
0,1,27457,29,357
0,1,27477,39,357
0,1,27488,30,357
0,1,27499,20,357
0,1,27500,19,357
0,1,27503,10,357
0,1,27518,32,357
0,1,27527,32,357
0,1,27568,1,357
0,1,27619,8,357
0,1,27630,32,357
0,1,27662,20,357
0,1,27675,32,357
0,1,27676,8,357
0,1,27683,29,357
0,1,27703,13,357
0,1,27721,4,357
0,1,27727,18,357
0,1,27738,29,357
0,1,27743,40,357
0,1,27780,12,357
0,1,27784,36,357
0,1,27785,10,357
0,1,27826,23,357
0,1,27831,38,357
0,1,27858,33,357
0,1,27903,35,357
0,1,27919,23,357
0,1,27950,33,357
0,1,27961,40,357
0,1,27962,38,357
0,1,27977,24,357
0,1,28014,2,357
0,1,28019,2,357
0,1,28031,16,357
0,1,28051,13,357
0,1,28057,27,357
0,1,28065,4,357
0,1,28073,36,357
0,1,28082,32,357
0,1,28109,13,357
0,1,28125,29,357
0,1,28138,35,357
0,1,28167,5,357
0,1,28182,33,357
0,1,28233,26,357
0,1,28234,20,357
0,1,28241,12,357
0,1,28249,32,357
0,1,28254,14,357
0,1,28261,24,357
0,1,28290,27,357
0,1,28295,6,357
0,1,28298,2,357
0,1,28356,23,357
0,1,28362,40,357
0,1,28390,24,357
0,1,28395,15,357
0,1,28416,34,357
0,1,28421,29,357
0,1,28426,12,357
0,1,28445,9,357
0,1,28469,22,357
0,1,28477,32,357
0,1,28506,34,357
0,1,28513,8,357
0,1,28517,31,357
0,1,28542,8,357
0,1,28551,2,357
0,1,28566,13,357
0,1,28572,34,357
0,1,28573,22,357
0,1,28595,34,357
0,1,28598,9,357
0,1,28616,24,357
0,1,28646,19,357
0,1,28651,22,357
0,1,28662,23,357
0,1,28673,15,357
0,1,28677,5,357
0,1,28690,24,357
0,1,28692,25,357
0,1,28778,38,357
0,1,28830,22,357
0,1,28846,28,357
0,1,28868,8,357
0,1,28915,16,357
0,1,28919,20,357
0,1,28922,24,357
0,1,28941,6,357
0,1,28974,36,357
0,1,28995,28,357
0,1,29002,36,357
0,1,29003,17,357
0,1,29015,30,357
0,1,29024,5,357
0,1,29041,3,357
0,1,29053,2,357
0,1,29079,26,357
0,1,29110,39,357
0,1,29114,6,357
0,1,29116,23,357
0,1,29137,8,357
0,1,29162,11,357
0,1,29176,40,357
0,1,29178,20,357
0,1,29223,3,357
0,1,29236,18,357
0,1,29243,28,357
0,1,29251,1,357
0,1,29284,23,357
0,1,29325,5,357
0,1,29347,34,357
0,1,29409,8,357
0,1,29429,27,357
0,1,29433,30,357
0,1,29437,28,357
0,1,29473,29,357
0,1,29487,37,357
0,1,29495,16,357
0,1,29497,14,357
0,1,29522,27,357
0,1,29534,10,357
0,1,29558,36,357
0,1,29600,32,357
0,1,29605,29,357
0,1,29632,39,357
0,1,29667,11,357
0,1,29669,33,357
0,1,29704,34,357
0,1,29721,7,357
0,1,29724,30,357
0,1,29812,24,357
0,1,29814,8,357
0,1,29816,13,357
0,1,29849,17,357
0,1,29878,3,357
0,1,29916,17,357
0,1,29922,4,357
0,1,29932,7,357
0,1,29937,33,357
0,1,29955,38,357
0,1,29973,21,357
0,1,30001,13,357
0,1,30048,3,357
0,1,30050,9,357
0,1,30066,23,357
0,1,30155,20,357
0,1,30162,18,357
0,1,30190,23,357
0,1,30223,34,357
0,1,30229,7,357
0,1,30252,13,357
0,1,30281,23,357
0,1,30291,3,357
0,1,30324,25,357
0,1,30333,1,357
0,1,30336,25,357
0,1,30348,32,357
0,1,30378,33,357
0,1,30379,21,357
0,1,30380,13,357
0,1,30385,26,357
0,1,30393,12,357
0,1,30403,32,357
0,1,30409,36,357
0,1,30426,8,357
0,1,30441,16,357
0,1,30448,32,357
0,1,30460,9,357
0,1,30506,14,357
0,1,30531,10,357
0,1,30552,14,357
0,1,30554,15,357
0,1,30568,29,357
0,1,30571,18,357
0,1,30575,22,357
0,1,30582,2,357
0,1,30614,7,357
0,1,30620,36,357
0,1,30629,2,357
0,1,30634,3,357
0,1,30673,35,357
0,1,30733,9,357
0,1,30744,39,357
0,1,30779,22,357
0,1,30816,9,357
0,1,30830,7,357
0,1,30842,2,357
0,1,30843,36,357
0,1,30845,33,357
0,1,30902,19,357
0,1,30912,15,357
0,1,30959,22,357
0,1,30968,10,357
0,1,30989,2,357
0,1,30993,27,357
0,1,30994,8,357
0,1,31067,6,357
0,1,31069,39,357
0,1,31094,34,357
0,1,31096,7,357
0,1,31138,17,357
0,1,31172,8,357
0,1,31176,24,357
0,1,31190,9,357
0,1,31197,22,357
0,1,31203,30,357
0,1,31233,1,357
0,1,31240,7,357
0,1,31248,8,357
0,1,31271,20,357
0,1,31292,28,357
0,1,31296,25,357
0,1,31299,15,357
0,1,31301,24,357
0,1,31308,18,357
0,1,31324,39,357
0,1,31331,26,357
0,1,31384,22,357
0,1,31425,28,357
0,1,31442,9,357
0,1,31449,15,357
0,1,31456,5,357
0,1,31474,14,357
0,1,31477,21,357
0,1,31484,12,357
0,1,31489,13,357
0,1,31522,12,357
0,1,31525,13,357
0,1,31529,3,357
0,1,31544,28,357
0,1,31550,15,357
0,1,31554,11,357
0,1,31613,12,357
0,1,31647,36,357
0,1,31655,1,357
0,1,31678,37,357
0,1,31679,23,357
0,1,31680,1,357
0,1,31690,30,357
0,1,31697,30,357
0,1,31727,33,357
0,1,31731,15,357
0,1,31734,40,357
0,1,31823,2,357
0,1,31845,11,357
0,1,31853,33,357
0,1,31884,25,357
0,1,31906,6,357
0,1,31935,23,357
0,1,31952,6,357
0,1,31968,7,357
0,1,31974,3,357
0,1,31989,10,357
0,1,32019,10,357
0,1,32026,33,357
0,1,32065,16,357
0,1,32074,3,357
0,1,32086,4,357
0,1,32088,25,357
0,1,32098,1,357
0,1,32149,12,357
0,1,32166,30,357
0,1,32170,14,357
0,1,32178,39,357
0,1,32198,10,357
0,1,32216,24,357
0,1,32228,8,357
0,1,32234,16,357
0,1,32262,27,357
0,1,32277,33,357
0,1,32282,40,357
0,1,32306,33,357
0,1,32310,21,357
0,1,32312,17,357
0,1,32355,2,357
0,1,32446,40,357
0,1,32454,26,357
0,1,32457,31,357
0,1,32464,34,357
0,1,32491,20,357
0,1,32493,2,357
0,1,32498,3,357
0,1,32514,20,357
0,1,32548,13,357
0,1,32557,24,357
0,1,32559,11,357
0,1,32574,37,357
0,1,32609,12,357
0,1,32617,27,357
0,1,32618,34,357
0,1,32625,38,357
0,1,32629,30,357
0,1,32630,26,357
0,1,32642,5,357
0,1,32660,29,357
0,1,32707,4,357
0,1,32729,30,357
0,1,32743,3,357
0,1,32754,35,357
0,1,32793,4,357
0,1,32808,40,357
0,1,32824,3,357
0,1,32841,24,357
0,1,32842,7,357
0,1,32848,32,357
0,1,32884,33,357
0,1,32887,8,357
0,1,32889,35,357
0,1,32953,11,357
0,1,32973,8,357
0,1,32987,12,357
0,1,32992,35,357
0,1,33013,23,357
0,1,33015,10,357
0,1,33019,3,357
0,1,33029,38,357
0,1,33030,7,357
0,1,33054,16,357
0,1,33105,19,357
0,1,33126,34,357
0,1,33175,18,357
0,1,33176,8,357
0,1,33178,31,357
0,1,33207,37,357
0,1,33213,10,357
0,1,33227,38,357
0,1,33233,20,357
0,1,33246,39,357
0,1,33264,37,357
0,1,33267,25,357
0,1,33277,39,357
0,1,33285,1,357
0,1,33309,10,357
0,1,33311,14,357
0,1,33317,34,357
0,1,33350,17,357
0,1,33366,7,357
0,1,33413,17,357
0,1,33436,26,357
0,1,33444,11,357
0,1,33468,19,357
0,1,33487,3,357
0,1,33545,21,357
0,1,33552,13,357
0,1,33575,9,357
